"Store Type","Total Sales","Percentage Total Sales","order_count"
"Local","4200344.27",65.0194751267436,"78409"
"Mall Kiosk","705645.90",10.923087036229868,"13142"
"Outlet","508029.41",7.86407100557745,"9207"
"Super Store","1045045.19",16.176838223198587,"19276"
"Web Portal","1067.77",0.016528608250505436,"43"
